Age,Gender,Place,HS_Average,Admission_Score,Semester1_Grades,Socioeconomic,Scholarship,Loan,Financial_Aid,Dropout
21.0,Female,Rural,3.67,58.71,2.24,High,0.0,0.0,0.0,0.0
24.0,Other,Urban,3.43,42.63,3.76,Low,0.0,0.0,0.0,0.0
24.0,Male,Urban,2.96,33.59,2.95,Middle,0.0,,0.0,1.0
24.0,Male,Urban,2.37,41.59,2.9,Middle,0.0,0.0,0.0,0.0
-3.0,Male,Suburban,2.95,54.39,3.94,Middle,0.0,1.0,0.0,0.0
17.0,Male,Suburban,2.65,58.41,2.61,Low,0.0,1.0,1.0,0.0
20.0,Female,Urban,3.22,46.3,3.15,Middle,0.0,0.0,0.0,0.0
27.0,Other,Rural,3.96,46.46,2.13,Low,0.0,0.0,0.0,0.0
24.0,Male,Urban,2.99,48.79,2.36,High,1.0,0.0,1.0,0.0
24.0,Female,Suburban,2.12,55.95,2.77,Middle,0.0,0.0,0.0,1.0
24.0,Female,Suburban,2.99,91.21,1.52,Low,0.0,0.0,0.0,0.0
22.0,Female,Urban,2.9,60.63,2.88,Low,1.0,0.0,1.0,
25.0,Male,Rural,2.81,53.73,2.94,Low,1.0,1.0,0.0,0.0
27.0,Male,Suburban,2.47,98.17,3.31,Middle,0.0,1.0,0.0,1.0
23.0,Female,Rural,3.75,66.15,3.23,Low,0.0,0.0,0.0,0.0
21.0,Male,Rural,2.66,37.46,3.12,Low,1.0,1.0,1.0,1.0
,Male,Rural,3.17,64.16,3.5,Middle,0.0,0.0,0.0,0.0
26.0,Female,Rural,2.66,70.39,,Middle,0.0,0.0,0.0,0.0
26.0,Male,Rural,,87.39,2.85,Middle,0.0,0.0,0.0,0.0
20.0,Male,Urban,,65.68,2.66,Middle,1.0,0.0,,0.0
26.0,Female,Urban,3.03,80.0,3.28,Low,0.0,0.0,0.0,1.0
27.0,Female,Suburban,2.74,54.51,2.58,High,0.0,1.0,0.0,0.0
21.0,Female,Urban,2.51,50.13,2.17,Low,1.0,0.0,0.0,1.0
28.0,Female,Rural,3.65,56.58,3.62,Low,0.0,1.0,0.0,0.0
18.0,Female,Urban,,65.54,3.82,Low,1.0,0.0,0.0,0.0
27.0,Female,Suburban,3.02,64.71,2.14,Middle,0.0,1.0,0.0,0.0
18.0,Male,Suburban,3.49,78.4,3.47,High,0.0,1.0,1.0,0.0
18.0,Male,Urban,2.33,50.21,4.81,Middle,0.0,0.0,0.0,1.0
26.0,Male,Urban,3.22,83.88,4.19,Middle,0.0,0.0,1.0,0.0
25.0,Female,Urban,3.15,41.3,1.38,Middle,0.0,0.0,0.0,1.0
29.0,Female,Rural,3.0,37.98,1.27,High,,0.0,,1.0
23.0,Other,Urban,3.18,62.54,2.98,High,0.0,0.0,0.0,1.0
18.0,Male,Urban,2.72,70.74,,Middle,0.0,1.0,1.0,0.0
18.0,Male,Rural,3.18,62.14,3.47,Middle,0.0,1.0,,0.0
18.0,Female,Rural,2.84,54.58,2.74,Low,0.0,1.0,1.0,0.0
17.0,Female,Urban,,75.08,4.18,Middle,0.0,1.0,0.0,0.0
,Female,Urban,2.77,49.8,1.58,Middle,1.0,0.0,0.0,0.0
19.0,Other,Urban,3.0,66.7,1.74,Middle,1.0,0.0,0.0,0.0
24.0,Male,Urban,2.54,108.8,2.52,Middle,0.0,0.0,0.0,0.0
24.0,Female,Urban,2.56,67.84,2.13,Middle,0.0,1.0,0.0,0.0
20.0,Female,Urban,2.64,56.82,3.48,Middle,1.0,1.0,0.0,0.0
24.0,Female,Suburban,3.44,55.44,2.66,Middle,0.0,0.0,0.0,0.0
25.0,Female,,3.14,,2.24,Middle,0.0,1.0,1.0,0.0
22.0,Female,Urban,2.95,59.98,3.1,Low,0.0,1.0,1.0,0.0
19.0,Male,Rural,3.48,39.52,3.24,Low,,0.0,0.0,0.0
,,Urban,3.23,38.45,2.05,High,0.0,0.0,0.0,0.0
24.0,Male,Suburban,2.83,101.13,3.67,Middle,1.0,1.0,0.0,0.0
26.0,Other,Rural,2.64,62.85,2.85,Low,0.0,1.0,0.0,0.0
25.0,Female,Urban,3.15,74.57,2.37,Middle,0.0,0.0,1.0,1.0
,Female,Urban,2.58,53.9,2.86,Middle,0.0,1.0,0.0,0.0
19.0,Other,Suburban,3.68,58.26,2.99,Middle,1.0,0.0,0.0,0.0
29.0,Other,Rural,2.66,55.98,3.29,Low,0.0,1.0,0.0,0.0
23.0,Female,Rural,2.97,42.72,2.32,High,0.0,0.0,0.0,0.0
27.0,Other,Urban,3.14,66.52,3.29,Low,0.0,0.0,1.0,0.0
29.0,Female,Urban,,59.76,2.36,Middle,,1.0,0.0,
28.0,Male,Suburban,4.31,68.8,3.39,Middle,1.0,0.0,0.0,1.0
23.0,Male,Suburban,2.75,49.97,5.14,High,0.0,0.0,0.0,0.0
26.0,Female,Urban,3.58,30.11,3.58,Low,0.0,1.0,0.0,1.0
27.0,Male,Urban,3.34,31.05,3.48,Middle,1.0,0.0,0.0,0.0
23.0,Female,Urban,3.43,63.4,2.34,High,0.0,0.0,0.0,1.0
29.0,Female,Urban,3.6,41.98,2.97,Low,,0.0,1.0,0.0
23.0,Female,Urban,2.02,58.3,1.36,,0.0,0.0,0.0,0.0
25.0,Male,Rural,3.16,52.08,1.92,Middle,0.0,,1.0,0.0
23.0,Male,,2.67,50.37,3.05,Low,1.0,1.0,0.0,0.0
26.0,Female,Suburban,2.21,40.46,2.33,Low,1.0,0.0,0.0,1.0
22.0,Male,Urban,3.24,86.84,3.84,Low,1.0,0.0,0.0,0.0
17.0,Female,Suburban,3.38,58.03,2.47,Middle,0.0,0.0,0.0,
23.0,Female,Rural,3.51,93.38,2.35,Middle,0.0,1.0,1.0,0.0
19.0,Male,Urban,3.4,29.66,3.36,Low,0.0,0.0,1.0,0.0
23.0,Male,Suburban,3.11,49.65,3.06,Low,0.0,0.0,0.0,0.0
26.0,Female,Urban,3.7,57.47,3.42,Middle,1.0,0.0,0.0,0.0
18.0,Male,Rural,3.23,61.16,4.49,High,0.0,0.0,1.0,0.0
26.0,Male,Suburban,2.71,80.44,3.31,Low,1.0,0.0,1.0,1.0
18.0,Female,Urban,2.76,50.97,4.12,High,1.0,0.0,1.0,1.0
17.0,Female,Urban,3.14,38.65,2.68,Middle,0.0,,1.0,0.0
17.0,Male,Suburban,2.95,79.22,3.61,Middle,0.0,1.0,0.0,0.0
28.0,Female,Suburban,3.42,58.82,3.0,Low,0.0,0.0,0.0,0.0
23.0,,Urban,2.53,66.67,,Low,0.0,0.0,0.0,0.0
21.0,Female,Rural,2.33,42.5,4.46,Low,0.0,1.0,,0.0
21.0,Female,Suburban,3.18,48.09,3.42,Low,1.0,0.0,1.0,0.0
18.0,Male,Urban,3.76,54.41,3.12,Middle,0.0,0.0,0.0,1.0
26.0,Male,Urban,2.46,75.19,3.67,Low,0.0,1.0,0.0,0.0
29.0,Male,Rural,10.0,77.38,2.72,Middle,0.0,0.0,0.0,1.0
17.0,Male,Rural,2.43,40.31,2.58,Middle,1.0,0.0,1.0,0.0
26.0,Female,Urban,2.84,65.92,2.56,Middle,1.0,0.0,1.0,0.0
25.0,Male,Urban,3.59,59.49,2.77,Low,0.0,0.0,0.0,1.0
18.0,Male,Suburban,3.16,80.44,3.33,Middle,0.0,0.0,,0.0
18.0,Female,Urban,3.8,60.57,2.02,Low,0.0,1.0,0.0,0.0
,,Urban,3.14,82.74,2.43,Middle,1.0,0.0,0.0,1.0
17.0,Male,Urban,2.3,67.11,2.36,Middle,0.0,1.0,1.0,0.0
27.0,Other,Urban,3.33,52.12,4.53,High,0.0,1.0,1.0,0.0
23.0,Male,Rural,3.88,61.75,3.28,Low,1.0,1.0,0.0,
18.0,Male,Rural,2.79,39.88,3.1,High,0.0,0.0,1.0,0.0
19.0,Male,Urban,2.75,63.33,2.44,Low,0.0,0.0,0.0,1.0
22.0,Female,Urban,2.58,66.58,2.66,Middle,0.0,1.0,0.0,0.0
60.0,Male,Suburban,3.13,72.3,3.32,Low,0.0,1.0,0.0,1.0
21.0,Female,Urban,2.6,68.96,3.15,Middle,0.0,0.0,0.0,0.0
28.0,Other,Suburban,3.69,60.98,3.3,Middle,0.0,1.0,0.0,0.0
17.0,Male,Suburban,3.38,58.5,2.47,High,0.0,0.0,0.0,0.0
28.0,Male,Urban,2.25,,2.96,Middle,0.0,0.0,0.0,0.0
26.0,Male,Urban,2.91,38.64,3.4,High,,0.0,0.0,0.0
23.0,Other,Suburban,3.84,30.34,3.43,Low,0.0,1.0,0.0,1.0
17.0,Other,Suburban,2.86,41.88,3.12,Middle,0.0,1.0,1.0,0.0
22.0,Female,Rural,3.0,44.89,3.64,Middle,0.0,1.0,0.0,0.0
22.0,Other,Urban,3.06,54.38,2.81,High,0.0,0.0,0.0,0.0
22.0,Female,Urban,3.3,48.53,4.45,,0.0,1.0,0.0,0.0
26.0,Female,Urban,2.98,41.07,3.5,Middle,0.0,0.0,1.0,1.0
24.0,Female,Urban,3.06,78.09,2.15,Middle,1.0,1.0,1.0,0.0
20.0,Male,Urban,2.89,58.08,3.34,High,0.0,1.0,1.0,0.0
21.0,Male,Urban,2.24,52.04,3.45,Middle,1.0,0.0,1.0,0.0
21.0,Male,Rural,3.74,66.38,4.19,Middle,1.0,0.0,0.0,1.0
19.0,Female,Urban,3.8,53.34,3.47,Low,0.0,0.0,0.0,
27.0,Female,Urban,2.83,,4.02,Middle,0.0,0.0,1.0,0.0
27.0,Female,Suburban,3.63,59.34,2.6,Middle,0.0,0.0,0.0,1.0
18.0,Female,,3.35,73.84,3.27,Low,0.0,0.0,1.0,1.0
20.0,Male,Urban,2.57,44.68,1.98,Low,0.0,1.0,1.0,0.0
27.0,Other,Urban,2.63,70.88,2.1,Middle,0.0,1.0,0.0,1.0
22.0,Other,Urban,3.41,62.63,5.06,High,1.0,0.0,1.0,0.0
,Male,Urban,4.09,77.2,2.73,Low,0.0,1.0,0.0,0.0
27.0,Other,Urban,3.2,80.86,3.11,Low,0.0,1.0,0.0,0.0
28.0,Male,Urban,3.16,48.22,3.87,Low,0.0,0.0,1.0,0.0
25.0,Female,,2.83,70.69,1.57,Low,0.0,1.0,0.0,1.0
24.0,Male,Urban,3.64,59.44,3.94,Low,1.0,1.0,0.0,0.0
20.0,Female,,2.54,48.48,2.2,Middle,1.0,0.0,0.0,0.0
17.0,Female,Suburban,2.13,65.24,3.85,Middle,0.0,0.0,1.0,0.0
22.0,Female,Urban,3.33,63.45,3.73,Middle,1.0,0.0,0.0,0.0
19.0,Male,Rural,-2.0,45.48,2.43,Middle,0.0,0.0,0.0,0.0
26.0,Female,Rural,3.34,57.92,3.29,High,1.0,,1.0,0.0
24.0,Female,Rural,3.52,58.94,3.04,Middle,0.0,0.0,1.0,1.0
21.0,Male,Suburban,2.37,103.29,1.69,Middle,1.0,0.0,0.0,0.0
29.0,Other,,3.85,92.55,3.44,Middle,1.0,0.0,0.0,0.0
20.0,Male,Urban,3.59,73.39,3.17,Middle,0.0,0.0,1.0,0.0
26.0,Female,Rural,2.91,48.43,1.43,Middle,0.0,0.0,1.0,1.0
22.0,Female,Urban,2.81,55.67,3.97,Middle,0.0,0.0,1.0,0.0
18.0,Other,Rural,3.16,79.13,4.04,High,0.0,0.0,0.0,0.0
19.0,Other,Urban,3.17,51.47,3.88,Middle,1.0,1.0,1.0,0.0
29.0,Other,Rural,2.81,38.47,1.71,Middle,0.0,1.0,0.0,1.0
21.0,Female,,3.14,50.94,2.44,Middle,0.0,1.0,0.0,0.0
22.0,Female,Urban,2.43,54.97,2.22,High,0.0,0.0,1.0,0.0
26.0,Other,Suburban,3.32,71.69,2.99,High,0.0,1.0,0.0,0.0
25.0,Male,Suburban,1.2,43.14,1.8,High,0.0,0.0,0.0,0.0
28.0,Other,Urban,3.16,55.88,2.33,Middle,0.0,0.0,0.0,0.0
23.0,Female,Rural,2.84,73.88,4.31,Middle,0.0,0.0,0.0,1.0
23.0,Female,Rural,2.63,80.68,3.83,Middle,0.0,0.0,0.0,0.0
5.0,Male,Suburban,2.21,69.89,0.95,Low,1.0,1.0,0.0,0.0
17.0,Female,Rural,2.47,28.53,3.83,Middle,0.0,1.0,0.0,1.0
26.0,Male,Urban,2.74,74.6,3.66,Middle,0.0,1.0,0.0,0.0
18.0,Male,Suburban,2.71,55.75,4.09,Low,1.0,0.0,0.0,0.0
19.0,Female,Rural,3.45,69.38,2.74,Low,0.0,0.0,0.0,0.0
22.0,Other,Suburban,3.46,49.1,2.07,Low,,1.0,0.0,1.0
27.0,Female,Rural,3.21,58.45,,High,0.0,0.0,0.0,0.0
19.0,Female,Urban,2.96,75.45,2.6,High,0.0,0.0,0.0,0.0
25.0,Other,Rural,2.7,79.43,3.95,,0.0,0.0,0.0,1.0
17.0,Male,Urban,2.46,48.86,2.65,,0.0,0.0,0.0,0.0
,Female,Rural,3.69,73.09,3.78,Low,1.0,0.0,1.0,0.0
24.0,Male,Suburban,2.35,69.94,3.61,Low,0.0,,0.0,0.0
23.0,Female,Rural,2.95,43.16,3.41,Low,1.0,0.0,1.0,1.0
17.0,Male,Suburban,3.06,64.49,3.0,Middle,0.0,1.0,0.0,1.0
21.0,Female,Urban,2.64,49.52,2.35,Low,0.0,0.0,1.0,0.0
24.0,Other,Rural,3.42,68.67,3.75,High,1.0,0.0,,0.0
24.0,Male,Urban,3.44,57.58,4.07,Low,1.0,0.0,1.0,1.0
25.0,Female,Urban,2.85,61.26,2.46,Low,0.0,1.0,0.0,0.0
19.0,Male,Rural,3.21,58.19,2.72,Low,1.0,1.0,1.0,1.0
29.0,Male,Urban,2.21,58.51,3.3,Middle,0.0,0.0,0.0,0.0
22.0,Other,Urban,3.05,74.78,1.76,Middle,1.0,0.0,1.0,1.0
22.0,Male,Rural,1.93,73.94,5.26,Middle,0.0,0.0,0.0,0.0
20.0,Male,Rural,3.31,52.03,3.35,Middle,0.0,0.0,0.0,1.0
22.0,Male,Urban,2.27,63.26,2.58,High,1.0,0.0,1.0,0.0
18.0,Male,Suburban,2.61,,2.15,Middle,0.0,1.0,0.0,0.0
28.0,Male,Rural,2.65,71.57,2.85,Middle,0.0,0.0,1.0,0.0
17.0,Male,Urban,3.42,50.84,3.45,Middle,0.0,1.0,0.0,0.0
26.0,Male,Urban,3.63,52.66,4.63,Middle,0.0,1.0,0.0,1.0
21.0,Male,,3.59,43.54,1.01,High,0.0,0.0,0.0,1.0
22.0,Female,Suburban,3.55,45.29,3.62,Low,0.0,0.0,0.0,0.0
25.0,Female,Rural,2.76,73.92,3.4,Middle,1.0,1.0,0.0,0.0
20.0,Other,Suburban,3.42,62.61,2.67,Low,0.0,,1.0,0.0
26.0,,Urban,5.37,35.0,1.61,Middle,0.0,1.0,,0.0
29.0,Male,Rural,3.51,75.35,2.38,Middle,0.0,1.0,1.0,0.0
24.0,Female,Urban,2.93,31.41,2.49,Middle,1.0,0.0,0.0,0.0
22.0,Female,Rural,2.92,72.3,2.15,High,1.0,0.0,0.0,1.0
23.0,Male,Urban,2.78,70.85,2.57,Low,0.0,0.0,0.0,0.0
19.0,Female,Rural,3.46,63.21,2.4,Low,1.0,0.0,0.0,0.0
,Male,Urban,2.38,70.95,2.25,Middle,0.0,0.0,1.0,0.0
28.0,,Suburban,3.86,51.97,3.28,Middle,1.0,0.0,0.0,1.0
17.0,Female,Rural,2.82,58.85,2.25,,0.0,0.0,0.0,0.0
27.0,,Rural,3.43,72.62,3.16,Middle,0.0,1.0,0.0,0.0
23.0,Male,Rural,2.95,68.69,2.68,Low,0.0,1.0,0.0,
29.0,Female,Suburban,2.83,67.53,3.18,High,0.0,1.0,1.0,1.0
19.0,Female,Rural,3.23,52.76,2.65,Middle,0.0,0.0,1.0,0.0
20.0,Female,Rural,3.37,29.97,2.98,Low,1.0,0.0,0.0,0.0
29.0,Female,Rural,3.23,60.94,2.54,Low,0.0,1.0,0.0,0.0
25.0,Male,Urban,1.86,64.46,3.91,Middle,0.0,1.0,1.0,0.0
21.0,Male,Rural,2.72,,2.26,Middle,0.0,0.0,1.0,0.0
21.0,Male,Rural,2.11,,4.03,Middle,1.0,0.0,1.0,0.0
17.0,Male,Urban,2.08,62.3,2.01,Middle,0.0,0.0,1.0,0.0
24.0,Male,Urban,2.72,56.15,3.51,Middle,0.0,0.0,0.0,1.0
22.0,Male,Urban,3.53,52.43,3.01,Low,0.0,0.0,0.0,1.0
20.0,Female,Suburban,3.36,72.56,3.97,Middle,0.0,1.0,0.0,0.0
21.0,Female,Rural,2.08,55.8,3.12,Low,0.0,0.0,0.0,0.0
17.0,Male,Urban,2.83,42.17,2.4,Middle,1.0,1.0,0.0,1.0
28.0,Other,Urban,3.35,76.43,3.12,Low,0.0,1.0,0.0,0.0
22.0,Female,Urban,1.95,46.16,2.73,Middle,1.0,1.0,0.0,0.0
27.0,Female,Urban,3.19,71.5,2.32,Low,1.0,1.0,,1.0
17.0,Female,Urban,3.53,53.06,4.56,Low,0.0,0.0,0.0,0.0
24.0,Female,Urban,3.25,70.02,3.76,Middle,,1.0,1.0,0.0
27.0,Female,Rural,3.36,59.16,2.67,Middle,0.0,1.0,0.0,1.0
26.0,Male,Suburban,2.07,50.09,3.72,Low,0.0,1.0,0.0,0.0
19.0,Female,Urban,4.65,92.86,3.48,Low,1.0,0.0,0.0,0.0
22.0,Female,Urban,2.73,59.32,3.53,Middle,0.0,1.0,0.0,0.0
28.0,Male,Suburban,3.15,43.98,3.21,High,1.0,0.0,1.0,0.0
25.0,Male,Urban,2.94,55.38,3.77,Low,0.0,1.0,1.0,0.0
23.0,Female,Suburban,3.03,51.42,4.08,Low,0.0,0.0,1.0,0.0
22.0,Female,Rural,2.62,66.75,4.03,,0.0,0.0,0.0,1.0
26.0,,Urban,2.99,79.63,3.39,Low,0.0,1.0,0.0,0.0
29.0,Male,Urban,2.18,63.36,2.35,Middle,1.0,1.0,1.0,0.0
27.0,Male,Suburban,4.05,74.37,2.97,Low,0.0,1.0,0.0,1.0
24.0,Other,Urban,3.13,39.8,2.73,Middle,0.0,1.0,0.0,0.0
18.0,,Rural,2.6,33.61,3.64,Middle,0.0,0.0,0.0,1.0
22.0,Male,Rural,3.52,53.61,3.85,Low,0.0,1.0,0.0,0.0
19.0,Female,Rural,3.05,60.05,4.11,High,0.0,0.0,1.0,0.0
21.0,Male,Urban,,70.19,3.24,Low,0.0,0.0,0.0,0.0
26.0,Male,Suburban,2.59,80.07,2.1,Middle,0.0,1.0,,0.0
26.0,Female,Urban,3.43,42.75,3.44,Low,0.0,0.0,,1.0
19.0,Male,Urban,3.43,48.42,1.58,Low,1.0,0.0,0.0,1.0
19.0,Female,Urban,3.83,55.63,3.26,Low,1.0,0.0,1.0,1.0
25.0,Male,Urban,3.03,51.42,2.51,Low,0.0,0.0,1.0,1.0
24.0,Other,Rural,3.68,,1.93,Low,1.0,1.0,0.0,
27.0,Female,Rural,2.8,69.28,2.89,Low,0.0,0.0,0.0,0.0
22.0,Female,Rural,,58.95,2.87,Low,0.0,1.0,0.0,0.0
25.0,Female,Urban,3.24,66.75,,Low,1.0,0.0,1.0,1.0
26.0,Male,Urban,3.73,65.92,2.65,Middle,,0.0,0.0,0.0
24.0,Female,Suburban,2.87,74.24,3.45,Low,0.0,0.0,0.0,0.0
25.0,Other,Urban,3.29,86.56,2.73,Low,0.0,0.0,1.0,0.0
23.0,Male,Rural,3.16,65.24,4.82,Middle,1.0,1.0,0.0,1.0
28.0,Female,Urban,2.41,,2.61,High,0.0,1.0,0.0,1.0
19.0,Other,Urban,3.0,72.64,1.68,Middle,0.0,0.0,0.0,
28.0,Female,Urban,3.18,69.9,2.71,High,0.0,1.0,0.0,1.0
24.0,Female,Urban,2.45,62.49,3.72,Middle,0.0,1.0,0.0,0.0
24.0,Male,Suburban,2.23,52.87,2.82,High,1.0,0.0,0.0,0.0
22.0,Female,Urban,2.57,63.84,3.99,Middle,0.0,1.0,0.0,0.0
80.0,Male,Rural,2.62,51.6,3.72,Middle,0.0,1.0,1.0,1.0
23.0,Female,Urban,3.35,49.5,2.36,Middle,0.0,1.0,1.0,0.0
18.0,Female,Rural,2.26,74.77,1.84,High,0.0,0.0,1.0,0.0
27.0,Male,Urban,2.5,44.72,2.28,Middle,0.0,0.0,0.0,0.0
24.0,Male,,2.96,69.89,2.89,High,0.0,0.0,1.0,1.0
25.0,Female,Urban,3.62,64.31,2.51,Middle,1.0,1.0,0.0,0.0
28.0,Male,Rural,2.66,63.39,3.79,High,0.0,0.0,0.0,0.0
22.0,Other,Urban,15.0,23.95,3.34,Low,1.0,0.0,0.0,1.0
26.0,Male,Urban,2.63,70.64,1.98,Middle,0.0,0.0,0.0,1.0
29.0,Male,Urban,2.73,60.41,2.43,Low,0.0,0.0,1.0,0.0
28.0,Male,Urban,2.23,51.69,3.36,Middle,0.0,1.0,0.0,0.0
,Male,Rural,,46.87,4.51,Middle,0.0,1.0,1.0,0.0
24.0,Male,Suburban,2.94,83.73,2.34,Middle,0.0,0.0,1.0,1.0
21.0,Other,Urban,2.74,65.2,2.23,Low,1.0,0.0,1.0,0.0
100.0,Female,Urban,2.54,69.37,3.89,Low,0.0,0.0,1.0,1.0
18.0,Female,Rural,3.81,55.69,2.76,Middle,0.0,0.0,0.0,0.0
24.0,Male,Urban,2.48,65.22,3.13,Middle,0.0,1.0,1.0,0.0
28.0,Male,Urban,3.29,40.57,3.35,Middle,1.0,0.0,0.0,0.0
27.0,Other,Rural,2.79,65.76,4.58,Middle,1.0,0.0,0.0,1.0
17.0,Other,Suburban,3.28,76.61,3.29,Middle,0.0,0.0,0.0,1.0
23.0,Female,Rural,2.96,65.87,2.81,Low,0.0,0.0,0.0,0.0
24.0,Male,Urban,2.18,59.08,3.87,Middle,1.0,1.0,0.0,0.0
18.0,Female,Rural,2.51,38.37,2.68,High,0.0,0.0,1.0,1.0
18.0,Female,Rural,,59.49,3.28,Middle,0.0,0.0,0.0,0.0
22.0,Female,Urban,3.54,62.03,3.97,Low,1.0,0.0,0.0,0.0
,Female,Urban,3.11,52.53,3.38,Low,1.0,0.0,0.0,0.0
24.0,Other,Suburban,2.52,66.39,3.01,Low,0.0,1.0,1.0,0.0
23.0,Female,Rural,3.34,48.23,2.33,Low,1.0,0.0,1.0,1.0
23.0,Female,,3.39,45.51,3.44,Middle,1.0,0.0,0.0,0.0
25.0,Male,Urban,3.4,64.38,2.6,Middle,0.0,1.0,1.0,1.0
23.0,Male,Urban,2.46,58.11,,Middle,0.0,1.0,1.0,0.0
17.0,Male,Urban,3.52,65.57,2.26,Low,0.0,0.0,0.0,0.0
20.0,Male,Rural,3.34,80.22,3.21,High,0.0,0.0,0.0,
23.0,Male,Urban,3.65,50.57,3.27,Middle,0.0,0.0,0.0,1.0
28.0,Female,Urban,2.91,57.61,,,1.0,0.0,0.0,0.0
25.0,Male,Suburban,3.37,71.72,3.67,Middle,0.0,1.0,1.0,0.0
28.0,Male,Urban,2.98,67.08,4.04,High,1.0,0.0,0.0,1.0
18.0,Female,Rural,2.22,47.91,3.57,Low,1.0,0.0,1.0,0.0
28.0,Female,Urban,2.88,,4.11,Low,1.0,0.0,0.0,0.0
23.0,Female,Urban,2.28,63.77,2.92,Low,1.0,0.0,1.0,0.0
20.0,Female,Rural,2.58,63.63,2.99,,0.0,1.0,0.0,0.0
19.0,Female,Urban,4.03,50.45,3.04,Middle,0.0,1.0,0.0,0.0
17.0,Female,Rural,3.62,46.77,2.4,Middle,1.0,0.0,1.0,0.0
24.0,Male,Suburban,3.46,77.49,3.46,Low,0.0,0.0,0.0,0.0
18.0,Male,Urban,3.51,48.65,3.2,Low,0.0,1.0,0.0,1.0
24.0,Female,Urban,2.37,89.22,2.16,Middle,0.0,0.0,0.0,0.0
17.0,Male,Rural,2.33,78.55,2.05,Middle,0.0,1.0,0.0,0.0
19.0,Male,Urban,3.35,61.89,3.42,High,0.0,0.0,0.0,1.0
29.0,Female,Urban,2.62,84.12,3.68,Middle,0.0,1.0,0.0,0.0
19.0,Male,Urban,3.28,74.3,2.77,Low,1.0,1.0,0.0,0.0
27.0,Female,Rural,2.91,80.38,3.51,Low,1.0,,0.0,0.0
26.0,Male,Suburban,2.91,68.87,3.67,Middle,1.0,1.0,0.0,0.0
26.0,Male,Urban,2.93,100.08,2.13,Middle,0.0,,0.0,1.0
23.0,Female,Urban,3.71,,,Middle,0.0,0.0,0.0,0.0
18.0,Female,Urban,3.01,35.27,3.42,Middle,0.0,0.0,0.0,0.0
20.0,Female,Suburban,3.69,57.2,2.7,Middle,1.0,0.0,1.0,1.0
24.0,Other,Urban,3.82,47.69,1.23,Middle,0.0,0.0,0.0,0.0
29.0,Male,Urban,,44.58,2.14,Middle,1.0,1.0,0.0,0.0
28.0,Female,Suburban,2.62,57.78,2.41,Low,1.0,0.0,0.0,0.0
19.0,Female,Rural,3.66,54.36,3.32,High,0.0,0.0,,0.0
22.0,Female,Urban,3.15,64.56,3.27,High,0.0,0.0,1.0,0.0
22.0,Female,Urban,2.43,56.16,3.2,High,0.0,1.0,1.0,1.0
24.0,Male,Rural,,50.06,1.49,Middle,0.0,1.0,0.0,0.0
25.0,Male,Rural,3.71,57.21,2.03,Middle,0.0,0.0,0.0,1.0
26.0,Female,Urban,3.23,59.36,2.86,Low,0.0,0.0,0.0,0.0
27.0,Female,Urban,2.3,45.73,4.21,High,0.0,0.0,0.0,0.0
22.0,Male,Urban,2.77,67.21,3.28,Middle,0.0,1.0,0.0,0.0
27.0,Male,Rural,2.39,65.43,1.78,Middle,1.0,0.0,1.0,0.0
25.0,Male,Urban,3.89,32.49,4.42,Low,0.0,0.0,0.0,
19.0,Female,Suburban,3.34,71.31,2.68,Middle,,0.0,0.0,1.0
18.0,Female,Urban,3.43,47.17,2.0,Middle,0.0,0.0,0.0,0.0
19.0,Male,Suburban,3.72,62.97,4.39,Low,1.0,0.0,,0.0
25.0,Other,Urban,2.45,54.1,2.91,High,0.0,0.0,0.0,0.0
27.0,Other,Urban,3.21,48.29,2.57,Middle,0.0,0.0,0.0,0.0
22.0,Male,Rural,2.65,54.91,4.47,High,1.0,0.0,0.0,0.0
23.0,Other,Urban,,65.89,3.11,Low,0.0,0.0,0.0,0.0
28.0,Female,Urban,2.47,95.21,4.17,Low,0.0,0.0,0.0,0.0
25.0,Other,Rural,3.19,85.97,2.75,Low,1.0,,0.0,0.0
21.0,Male,Urban,3.3,62.31,3.37,Middle,0.0,0.0,0.0,0.0
29.0,Female,Urban,2.66,55.24,3.18,Middle,0.0,0.0,0.0,0.0
17.0,Male,Rural,2.91,35.79,4.0,,0.0,0.0,0.0,0.0
29.0,Female,Urban,3.1,95.76,3.73,Middle,0.0,1.0,0.0,0.0
18.0,Female,Rural,2.79,73.44,2.51,Middle,1.0,1.0,0.0,
26.0,Female,Suburban,2.15,29.68,3.58,High,0.0,0.0,1.0,0.0
25.0,Other,Rural,2.94,53.71,1.82,Middle,0.0,0.0,0.0,0.0
,Male,Urban,2.62,76.5,2.9,Middle,1.0,0.0,0.0,1.0
21.0,Female,Urban,2.98,81.17,2.61,Middle,1.0,0.0,1.0,1.0
21.0,Male,Urban,2.8,34.12,2.62,Low,1.0,0.0,1.0,0.0
28.0,Male,Urban,2.95,70.09,3.02,Middle,0.0,0.0,1.0,0.0
26.0,Male,Rural,2.9,27.48,3.62,Middle,0.0,0.0,0.0,0.0
24.0,Male,Urban,3.23,60.18,2.33,High,0.0,1.0,1.0,0.0
18.0,Male,Urban,2.64,57.85,3.6,Low,0.0,0.0,0.0,0.0
24.0,Female,Suburban,3.18,67.44,2.21,Low,0.0,0.0,1.0,0.0
21.0,Female,Suburban,2.96,77.92,2.34,High,1.0,0.0,1.0,0.0
22.0,Male,Urban,2.52,50.01,2.54,High,0.0,1.0,0.0,0.0
29.0,Female,Rural,2.24,65.42,3.53,Middle,1.0,0.0,0.0,1.0
29.0,Female,Rural,2.12,92.0,3.54,High,0.0,0.0,0.0,0.0
23.0,Male,Urban,,58.95,2.92,High,0.0,0.0,0.0,1.0
18.0,Male,Urban,2.82,84.65,4.34,Low,0.0,0.0,1.0,1.0
26.0,Male,Urban,2.66,73.79,,Middle,0.0,1.0,1.0,0.0
29.0,Male,Urban,3.23,51.91,2.64,Middle,1.0,0.0,0.0,0.0
25.0,Female,,2.97,64.13,,Low,0.0,1.0,0.0,0.0
23.0,Other,Suburban,2.85,36.6,3.51,High,0.0,1.0,,0.0
29.0,Female,Suburban,2.72,64.33,3.29,Middle,0.0,0.0,0.0,0.0
19.0,Female,Rural,2.68,61.15,3.54,Middle,0.0,0.0,1.0,0.0
29.0,Male,Urban,3.27,61.17,3.41,Middle,1.0,0.0,1.0,1.0
20.0,Female,Suburban,3.42,57.98,2.75,Low,0.0,1.0,1.0,0.0
28.0,Male,Urban,2.78,74.17,3.37,Middle,0.0,0.0,1.0,1.0
22.0,Female,Urban,3.92,50.71,2.92,Middle,0.0,1.0,,1.0
17.0,Female,Rural,2.55,51.28,3.22,Low,1.0,1.0,1.0,0.0
19.0,Female,Rural,2.33,56.18,2.37,Low,0.0,1.0,1.0,0.0
17.0,Male,Urban,2.57,49.56,3.11,Middle,,0.0,0.0,1.0
20.0,Female,Rural,2.29,58.47,3.09,Middle,1.0,1.0,0.0,0.0
28.0,Male,Urban,2.74,41.7,1.79,High,0.0,0.0,1.0,1.0
27.0,,Suburban,3.04,59.98,4.14,High,0.0,1.0,0.0,1.0
17.0,Female,Urban,2.5,34.38,3.93,Low,0.0,1.0,1.0,1.0
17.0,Male,Rural,3.15,48.05,4.28,Middle,0.0,0.0,0.0,1.0
23.0,Female,Rural,3.24,52.65,3.47,,0.0,0.0,0.0,1.0
24.0,Male,Urban,3.03,40.03,3.64,Middle,0.0,0.0,0.0,0.0
24.0,Other,Urban,3.48,28.21,2.11,,,1.0,0.0,1.0
26.0,Male,Suburban,20.0,52.85,3.32,Low,0.0,0.0,0.0,0.0
28.0,Male,Urban,2.17,69.33,3.42,Middle,1.0,0.0,0.0,1.0
21.0,Female,Urban,3.22,45.84,3.21,Low,0.0,0.0,0.0,0.0
27.0,Female,Urban,2.96,32.66,2.97,Low,0.0,1.0,1.0,0.0
25.0,Female,Urban,3.28,48.45,2.2,Low,1.0,1.0,0.0,0.0
20.0,Male,,3.23,,2.0,Middle,1.0,0.0,0.0,0.0
21.0,Female,Rural,4.18,48.15,,Middle,0.0,1.0,0.0,1.0
18.0,Male,Urban,2.16,57.36,1.91,Middle,0.0,0.0,0.0,0.0
19.0,Male,Urban,2.63,89.85,2.22,Middle,0.0,0.0,0.0,0.0
25.0,,Suburban,3.01,67.5,3.61,Low,0.0,0.0,1.0,0.0
19.0,Male,Urban,3.1,70.7,,Middle,0.0,0.0,1.0,1.0
22.0,Female,Suburban,1.72,,2.73,High,1.0,0.0,0.0,0.0
24.0,Male,Rural,3.25,73.26,1.9,Middle,0.0,1.0,0.0,0.0
23.0,Male,Urban,2.37,47.13,3.65,Middle,0.0,1.0,0.0,0.0
18.0,Male,Urban,3.06,43.13,1.21,Middle,0.0,0.0,0.0,
29.0,Male,Rural,,,2.89,Low,1.0,1.0,0.0,0.0
22.0,Female,Urban,3.7,79.23,3.87,Middle,0.0,0.0,0.0,0.0
23.0,Male,Suburban,2.92,58.37,2.0,Middle,0.0,0.0,0.0,1.0
,Male,Urban,2.38,52.51,3.34,Low,0.0,0.0,0.0,0.0
19.0,Female,Urban,3.21,69.57,3.93,Middle,0.0,1.0,0.0,0.0
23.0,Female,,2.07,19.7,3.28,Middle,1.0,0.0,1.0,0.0
17.0,Female,Urban,3.72,67.95,3.44,Low,0.0,0.0,1.0,0.0
22.0,Female,Urban,2.32,42.54,3.07,High,0.0,0.0,0.0,0.0
29.0,Female,Rural,2.57,60.61,4.1,Middle,1.0,0.0,0.0,1.0
22.0,Female,Suburban,2.39,54.84,4.4,Middle,0.0,1.0,0.0,1.0
22.0,Male,Urban,2.73,81.68,3.35,High,0.0,0.0,0.0,
27.0,Male,,2.55,54.22,2.59,High,0.0,0.0,0.0,0.0
17.0,Male,Rural,2.29,41.32,3.81,Low,0.0,1.0,1.0,0.0
22.0,Other,Rural,3.44,46.49,2.66,High,0.0,1.0,0.0,0.0
29.0,Male,Urban,2.56,46.22,2.62,Low,0.0,0.0,0.0,0.0
23.0,Male,Rural,2.69,61.46,,Middle,1.0,1.0,1.0,0.0
26.0,Other,Urban,2.97,55.32,2.77,Middle,0.0,1.0,0.0,0.0
21.0,Male,Rural,3.84,50.12,,Middle,0.0,0.0,0.0,1.0
24.0,Male,Urban,2.37,44.5,3.74,Middle,0.0,0.0,0.0,
21.0,Female,Suburban,2.15,77.64,3.92,,0.0,1.0,0.0,1.0
24.0,Male,Rural,3.19,60.66,2.71,Middle,0.0,0.0,1.0,0.0
20.0,Female,Urban,3.26,57.92,2.75,Middle,0.0,0.0,1.0,0.0
19.0,Female,Suburban,3.31,56.61,3.4,Low,0.0,1.0,0.0,0.0
21.0,Female,Urban,3.03,55.46,3.43,Low,0.0,0.0,1.0,1.0
25.0,Other,Suburban,2.84,59.86,3.63,High,1.0,0.0,0.0,0.0
17.0,Female,Urban,3.9,63.72,2.63,Middle,0.0,0.0,1.0,0.0
26.0,Male,Urban,2.95,47.6,3.13,Low,0.0,1.0,1.0,1.0
19.0,Female,Rural,3.73,68.35,3.16,Low,0.0,,1.0,0.0
27.0,Female,Urban,3.97,45.34,3.87,High,1.0,1.0,1.0,0.0
19.0,Female,Rural,3.52,39.15,2.72,Low,0.0,1.0,1.0,0.0
26.0,Female,Rural,2.24,42.39,4.5,Low,1.0,0.0,0.0,
26.0,Female,Rural,3.29,24.13,1.36,Middle,1.0,0.0,1.0,0.0
28.0,Female,Rural,3.46,52.72,2.85,High,1.0,0.0,0.0,0.0
20.0,Female,Rural,2.19,59.61,3.02,Middle,0.0,0.0,0.0,1.0
19.0,Female,Urban,2.94,53.07,2.69,Low,1.0,1.0,1.0,0.0
23.0,Male,Urban,3.05,60.92,4.54,Middle,0.0,0.0,0.0,0.0
19.0,Male,Rural,4.43,39.69,3.26,Low,0.0,1.0,1.0,1.0
25.0,Female,Suburban,3.62,46.64,2.64,Middle,0.0,0.0,0.0,1.0
19.0,Female,Rural,3.68,76.71,2.61,Middle,0.0,0.0,0.0,1.0
18.0,Male,Rural,2.98,28.36,2.94,Low,1.0,0.0,0.0,0.0
24.0,Female,Suburban,3.72,81.71,3.32,Low,1.0,1.0,1.0,0.0
27.0,Other,Urban,2.48,35.58,2.01,Low,0.0,1.0,0.0,0.0
23.0,Female,Urban,2.74,63.07,2.53,Middle,0.0,0.0,1.0,0.0
27.0,Male,Urban,2.88,63.31,2.11,Middle,0.0,1.0,0.0,0.0
21.0,Male,Urban,3.46,83.72,2.85,,1.0,0.0,,0.0
18.0,Female,Urban,3.19,52.82,3.51,Low,0.0,0.0,1.0,1.0
,Female,Suburban,-1.0,37.28,,Middle,0.0,1.0,0.0,0.0
28.0,Female,Rural,2.15,49.6,2.21,Low,1.0,0.0,0.0,0.0
20.0,Female,Urban,3.57,52.23,2.02,Middle,,1.0,0.0,0.0
26.0,Other,Rural,2.29,81.07,3.2,Middle,0.0,0.0,1.0,0.0
20.0,Male,Urban,2.31,71.88,2.33,Middle,0.0,1.0,0.0,0.0
17.0,,Urban,2.79,53.27,3.73,Low,0.0,0.0,1.0,1.0
18.0,Female,Urban,3.58,69.28,2.2,Middle,0.0,0.0,0.0,0.0
27.0,Female,Suburban,3.08,79.02,2.26,Middle,0.0,0.0,0.0,0.0
18.0,Female,Urban,3.39,51.82,2.16,Middle,0.0,1.0,0.0,0.0
17.0,Female,Urban,3.15,59.41,3.9,Middle,1.0,1.0,0.0,1.0
17.0,Female,Suburban,1.96,57.03,2.85,,1.0,,0.0,0.0
24.0,Male,Rural,2.87,44.14,2.54,Low,,0.0,0.0,1.0
18.0,Female,Urban,2.33,53.47,2.02,Middle,0.0,0.0,1.0,1.0
22.0,Male,Urban,3.4,74.57,2.47,Middle,0.0,1.0,0.0,0.0
21.0,Female,Rural,2.27,47.47,2.92,High,1.0,0.0,1.0,1.0
24.0,Female,Urban,3.23,61.46,3.84,Middle,0.0,1.0,1.0,0.0
22.0,Female,Urban,4.01,52.11,3.46,Low,0.0,1.0,0.0,0.0
22.0,Male,Suburban,,43.98,1.66,High,0.0,0.0,1.0,1.0
21.0,Female,Urban,3.72,61.57,3.03,Low,0.0,0.0,1.0,0.0
20.0,Female,Rural,2.23,65.44,2.67,High,0.0,0.0,0.0,0.0
29.0,Male,Rural,3.54,42.93,2.88,Middle,0.0,0.0,0.0,1.0
24.0,Female,Urban,3.53,55.27,2.36,Low,0.0,0.0,0.0,0.0
20.0,Male,Rural,2.92,46.79,2.97,Middle,0.0,,0.0,0.0
25.0,Male,Urban,2.41,94.59,2.82,Middle,0.0,0.0,1.0,1.0
17.0,Female,Rural,2.47,29.77,1.14,Low,1.0,0.0,0.0,0.0
26.0,Male,Suburban,3.39,79.32,3.28,Low,,0.0,1.0,0.0
25.0,Female,Urban,2.49,56.57,2.42,Middle,1.0,0.0,1.0,0.0
17.0,Male,Rural,3.72,47.45,3.24,Low,0.0,0.0,0.0,0.0
,Other,Urban,3.46,33.02,2.92,High,0.0,0.0,1.0,0.0
19.0,Female,Urban,3.31,55.65,2.65,High,1.0,0.0,0.0,0.0
27.0,Other,Urban,3.53,80.66,3.22,Low,0.0,,1.0,1.0
18.0,Female,Urban,1.75,59.77,2.88,,1.0,0.0,0.0,0.0
17.0,Female,Rural,2.97,48.51,3.12,Middle,0.0,0.0,1.0,0.0
23.0,Other,Rural,1.56,56.98,3.37,Low,,1.0,0.0,1.0
23.0,Male,Suburban,2.11,80.98,2.91,High,1.0,1.0,0.0,0.0
19.0,Other,Suburban,3.57,53.97,3.9,Low,0.0,1.0,0.0,1.0
22.0,Male,Urban,3.71,,3.56,Middle,1.0,1.0,0.0,1.0
19.0,Female,Urban,3.19,61.23,3.4,High,1.0,0.0,0.0,0.0
22.0,Male,Urban,3.16,68.36,2.61,Low,0.0,1.0,1.0,0.0
25.0,Female,Suburban,3.05,56.17,2.03,Low,0.0,0.0,1.0,0.0
17.0,Female,Rural,2.66,51.26,3.11,Middle,0.0,0.0,1.0,0.0
22.0,Male,Rural,2.45,57.14,2.08,Middle,0.0,1.0,1.0,0.0
,Female,Suburban,2.91,89.17,2.77,Middle,0.0,1.0,1.0,0.0
22.0,Female,Rural,2.49,50.12,2.87,Middle,1.0,1.0,1.0,0.0
25.0,,Urban,3.15,71.67,3.36,Low,0.0,1.0,0.0,0.0
17.0,Female,Rural,2.76,66.62,2.46,Low,0.0,1.0,0.0,1.0
27.0,Female,Urban,3.73,42.74,2.81,High,0.0,,0.0,0.0
23.0,Female,Urban,1.92,60.04,1.53,Middle,1.0,0.0,0.0,0.0
29.0,Female,Rural,3.61,49.33,1.87,High,0.0,1.0,0.0,0.0
27.0,Male,Rural,2.16,68.55,3.03,High,0.0,1.0,0.0,0.0
22.0,Other,Urban,3.37,64.36,3.38,High,0.0,,0.0,1.0
27.0,Female,Urban,2.47,44.08,2.88,High,1.0,0.0,0.0,0.0
28.0,Male,Rural,3.08,76.63,2.23,Low,1.0,0.0,1.0,0.0
17.0,Female,Urban,2.71,71.97,3.71,Middle,0.0,0.0,0.0,0.0
17.0,Male,Urban,2.7,81.89,2.58,Middle,0.0,1.0,1.0,0.0
29.0,Male,,4.02,61.69,1.75,Middle,1.0,0.0,0.0,1.0
18.0,Female,Rural,2.9,48.98,1.89,Low,0.0,1.0,1.0,0.0
20.0,Male,Urban,3.14,63.62,3.2,Low,0.0,0.0,0.0,1.0
25.0,Male,Urban,3.33,64.64,3.33,Low,1.0,1.0,0.0,0.0
20.0,Male,Rural,2.85,73.39,2.58,High,0.0,0.0,1.0,0.0
24.0,Female,Rural,2.09,,3.24,High,1.0,0.0,0.0,0.0
24.0,Female,Urban,2.31,72.28,3.61,High,0.0,1.0,1.0,0.0
21.0,Male,Urban,2.73,68.22,4.15,Low,1.0,1.0,0.0,0.0
17.0,Male,Urban,3.66,47.5,3.21,Low,0.0,0.0,1.0,0.0
27.0,Female,Urban,3.31,50.5,3.15,Middle,1.0,1.0,1.0,1.0
28.0,,Urban,2.8,42.02,2.39,Low,1.0,0.0,1.0,1.0
29.0,Male,Suburban,2.61,64.48,3.95,Low,0.0,1.0,1.0,0.0
17.0,Female,Suburban,2.57,55.61,4.21,Low,1.0,1.0,1.0,1.0
28.0,Female,Urban,2.89,68.73,2.37,Middle,0.0,0.0,0.0,0.0
20.0,Male,Rural,3.22,70.32,2.98,Low,0.0,1.0,0.0,1.0
29.0,,Rural,1.84,50.39,3.65,Middle,0.0,0.0,1.0,0.0
24.0,Other,Urban,3.5,44.32,2.9,High,1.0,0.0,0.0,0.0
18.0,Other,Rural,3.14,58.97,2.83,Low,0.0,0.0,1.0,0.0
22.0,Male,Rural,2.84,42.54,2.69,Middle,0.0,1.0,0.0,0.0
25.0,Male,Urban,2.93,73.11,3.23,High,0.0,1.0,1.0,0.0
26.0,Female,Urban,3.46,76.72,1.19,Middle,0.0,1.0,0.0,0.0
17.0,Female,Suburban,2.42,68.99,3.44,High,0.0,0.0,1.0,1.0
26.0,Male,Urban,3.57,55.0,3.7,Middle,0.0,1.0,0.0,0.0
22.0,,Rural,2.49,71.17,3.43,High,0.0,0.0,0.0,0.0
